Entity,Code,Year,"17.13.1 - Gross public sector debt, Central Government, as a proportion of GDP (%) - DP_DOD_DLD2_CR_CG_Z1"
Australia,AUS,1995,4.38
Australia,AUS,1996,4.12
Australia,AUS,1997,3.91
Australia,AUS,1998,3.14
Australia,AUS,1999,12.68
Australia,AUS,2000,10.82
Australia,AUS,2001,9.67
Australia,AUS,2002,8.62
Australia,AUS,2003,6.8
Australia,AUS,2004,6.22
Australia,AUS,2005,5.93
Australia,AUS,2006,5.48
Australia,AUS,2007,5.33
Australia,AUS,2008,4.94
Australia,AUS,2009,10.18
Australia,AUS,2010,13.57
Australia,AUS,2011,15.86
Australia,AUS,2012,17.99
Australia,AUS,2013,19.58
Australia,AUS,2014,22.55
Australia,AUS,2015,24.83
Australia,AUS,2016,27.79
Australia,AUS,2017,29.08
Australia,AUS,2018,28.83
Australia,AUS,2019,28.43
Australia,AUS,2020,40.92
Australia,AUS,2021,39.75
Austria,AUT,1995,0
Austria,AUT,1996,0
Austria,AUT,1997,0
Austria,AUT,1998,0
Austria,AUT,1999,0
Austria,AUT,2000,60.44
Austria,AUT,2001,60.5
Austria,AUT,2002,61.5
Austria,AUT,2003,61.28
Austria,AUT,2004,60.43
Austria,AUT,2005,63.64
Austria,AUT,2006,62.16
Austria,AUT,2007,59.73
Austria,AUT,2008,63.57
Austria,AUT,2009,73.56
Austria,AUT,2010,74.96
Austria,AUT,2011,73.96
Austria,AUT,2012,74.04
Austria,AUT,2013,73.58
Austria,AUT,2014,76.8
Austria,AUT,2015,77.86
Austria,AUT,2016,75.92
Austria,AUT,2017,72.18
Austria,AUT,2018,68.02
Austria,AUT,2019,65.06
Austria,AUT,2020,76.39
Austria,AUT,2021,76.24
Belgium,BEL,1995,116.6
Belgium,BEL,1996,114.04
Belgium,BEL,1997,111.36
Belgium,BEL,1998,106.87
Belgium,BEL,1999,103.87
Belgium,BEL,2000,98.93
Belgium,BEL,2001,98.16
Belgium,BEL,2002,95.3
Belgium,BEL,2003,89.33
Belgium,BEL,2004,85.09
Belgium,BEL,2005,83.86
Belgium,BEL,2006,80.87
Belgium,BEL,2007,77.2
Belgium,BEL,2008,82.74
Belgium,BEL,2009,86.49
Belgium,BEL,2010,85.77
Belgium,BEL,2011,88.47
Belgium,BEL,2012,88.97
Belgium,BEL,2013,89.61
Belgium,BEL,2014,90.04
Belgium,BEL,2015,88.83
Belgium,BEL,2016,89.15
Belgium,BEL,2017,86.98
Belgium,BEL,2018,84.96
Belgium,BEL,2019,82.85
Belgium,BEL,2020,93.55
Belgium,BEL,2021,91.41
Brazil,BRA,1995,0
Brazil,BRA,1996,0
Brazil,BRA,1997,0
Brazil,BRA,1998,0
Brazil,BRA,1999,0
Brazil,BRA,2000,0
Brazil,BRA,2001,0
Brazil,BRA,2002,0
Brazil,BRA,2003,0
Brazil,BRA,2004,0
Brazil,BRA,2005,0
Brazil,BRA,2006,0
Brazil,BRA,2007,0
Brazil,BRA,2008,0
Brazil,BRA,2009,54.58
Brazil,BRA,2010,47.99
Brazil,BRA,2011,48.41
Brazil,BRA,2012,50.35
Brazil,BRA,2013,47.48
Brazil,BRA,2014,52.06
Brazil,BRA,2015,60.58
Brazil,BRA,2016,64.55
Brazil,BRA,2017,67.92
Brazil,BRA,2018,69.43
Brazil,BRA,2019,68.18
Brazil,BRA,2020,77.05
Brazil,BRA,2021,71.82
Bulgaria,BGR,1995,0
Bulgaria,BGR,1996,0
Bulgaria,BGR,1997,0
Bulgaria,BGR,1998,0
Bulgaria,BGR,1999,0
Bulgaria,BGR,2000,66.94
Bulgaria,BGR,2001,62.29
Bulgaria,BGR,2002,49.63
Bulgaria,BGR,2003,41.65
Bulgaria,BGR,2004,34.5
Bulgaria,BGR,2005,25.2
Bulgaria,BGR,2006,19.44
Bulgaria,BGR,2007,15.18
Bulgaria,BGR,2008,12.47
Bulgaria,BGR,2009,13.21
Bulgaria,BGR,2010,13.91
Bulgaria,BGR,2011,15.12
Bulgaria,BGR,2012,16.1
Bulgaria,BGR,2013,16.47
Bulgaria,BGR,2014,26.01
Bulgaria,BGR,2015,25.16
Bulgaria,BGR,2016,27.91
Bulgaria,BGR,2017,24.03
Bulgaria,BGR,2018,21.21
Bulgaria,BGR,2019,19.09
Bulgaria,BGR,2020,23.04
Bulgaria,BGR,2021,21.97
Canada,CAN,1995,56.9
Canada,CAN,1996,56.37
Canada,CAN,1997,52.66
Canada,CAN,1998,49.64
Canada,CAN,1999,46.56
Canada,CAN,2000,40.82
Canada,CAN,2001,39.08
Canada,CAN,2002,37.57
Canada,CAN,2003,35.34
Canada,CAN,2004,31.54
Canada,CAN,2005,29.28
Canada,CAN,2006,27.08
Canada,CAN,2007,24.44
Canada,CAN,2008,28.42
Canada,CAN,2009,36.22
Canada,CAN,2010,36.58
Canada,CAN,2011,36.37
Canada,CAN,2012,37.01
Canada,CAN,2013,36.45
Canada,CAN,2014,33.68
Canada,CAN,2015,35.11
Canada,CAN,2016,35.65
Canada,CAN,2017,34.7
Canada,CAN,2018,33.42
Canada,CAN,2019,32.96
Canada,CAN,2020,51.28
Canada,CAN,2021,50.56
Croatia,HRV,1995,22.18
Croatia,HRV,1996,24.05
Croatia,HRV,1997,23.39
Croatia,HRV,1998,21.78
Croatia,HRV,1999,27.65
Croatia,HRV,2000,32.74
Croatia,HRV,2001,33.97
Croatia,HRV,2002,33.68
Croatia,HRV,2003,35.38
Croatia,HRV,2004,37.84
Croatia,HRV,2005,38.67
Croatia,HRV,2006,36.52
Croatia,HRV,2007,35.54
Croatia,HRV,2008,38.59
Croatia,HRV,2009,47.08
Croatia,HRV,2010,55.75
Croatia,HRV,2011,62.11
Croatia,HRV,2012,67.8
Croatia,HRV,2013,79.16
Croatia,HRV,2014,81.72
Croatia,HRV,2015,81.06
Croatia,HRV,2016,77.02
Croatia,HRV,2017,73.98
Croatia,HRV,2018,70.61
Croatia,HRV,2019,68.61
Croatia,HRV,2020,81.19
Croatia,HRV,2021,73.12
Cyprus,CYP,1995,0
Cyprus,CYP,1996,0
Cyprus,CYP,1997,0
Cyprus,CYP,1998,0
Cyprus,CYP,1999,0
Cyprus,CYP,2000,85.21
Cyprus,CYP,2001,87.5
Cyprus,CYP,2002,92.07
Cyprus,CYP,2003,95.69
Cyprus,CYP,2004,96.25
Cyprus,CYP,2005,95.88
Cyprus,CYP,2006,90.57
Cyprus,CYP,2007,84.88
Cyprus,CYP,2008,77.32
Cyprus,CYP,2009,89.09
Cyprus,CYP,2010,92.46
Cyprus,CYP,2011,102.87
Cyprus,CYP,2012,119.09
Cyprus,CYP,2013,145.96
Cyprus,CYP,2014,152.13
Cyprus,CYP,2015,148.9
Cyprus,CYP,2016,142.35
Cyprus,CYP,2017,131.14
Cyprus,CYP,2018,136.52
Cyprus,CYP,2019,128.07
Cyprus,CYP,2020,154.26
Cyprus,CYP,2021,139.35
Czechia,CZE,1995,0
Czechia,CZE,1996,0
Czechia,CZE,1997,0
Czechia,CZE,1998,0
Czechia,CZE,1999,14.01
Czechia,CZE,2000,15.83
Czechia,CZE,2001,21.51
Czechia,CZE,2002,24.34
Czechia,CZE,2003,26.48
Czechia,CZE,2004,26.34
Czechia,CZE,2005,25.55
Czechia,CZE,2006,25.29
Czechia,CZE,2007,25.17
Czechia,CZE,2008,25.95
Czechia,CZE,2009,30.95
Czechia,CZE,2010,34.65
Czechia,CZE,2011,37.25
Czechia,CZE,2012,41.52
Czechia,CZE,2013,41.85
Czechia,CZE,2014,39.43
Czechia,CZE,2015,37.62
Czechia,CZE,2016,35.73
Czechia,CZE,2017,33.94
Czechia,CZE,2018,32.38
Czechia,CZE,2019,30.96
Czechia,CZE,2020,38.93
Czechia,CZE,2021,43.56
Denmark,DNK,1995,0
Denmark,DNK,1996,0
Denmark,DNK,1997,0
Denmark,DNK,1998,0
Denmark,DNK,1999,0
Denmark,DNK,2000,0
Denmark,DNK,2001,0
Denmark,DNK,2002,0
Denmark,DNK,2003,0
Denmark,DNK,2004,0
Denmark,DNK,2005,0
Denmark,DNK,2006,0
Denmark,DNK,2007,0
Denmark,DNK,2008,0
Denmark,DNK,2009,0
Denmark,DNK,2010,0
Denmark,DNK,2011,0
Denmark,DNK,2012,38.94
Denmark,DNK,2013,37.96
Denmark,DNK,2014,38.12
Denmark,DNK,2015,34.14
Denmark,DNK,2016,30.87
Denmark,DNK,2017,28.45
Denmark,DNK,2018,26.57
Denmark,DNK,2019,26.43
Denmark,DNK,2020,35.19
Denmark,DNK,2021,29.93
Estonia,EST,1995,0
Estonia,EST,1996,0
Estonia,EST,1997,0
Estonia,EST,1998,0
Estonia,EST,1999,0
Estonia,EST,2000,3.33
Estonia,EST,2001,2.91
Estonia,EST,2002,3.47
Estonia,EST,2003,3.13
Estonia,EST,2004,2.78
Estonia,EST,2005,2.25
Estonia,EST,2006,2.05
Estonia,EST,2007,1.4
Estonia,EST,2008,1.76
Estonia,EST,2009,3.68
Estonia,EST,2010,3.36
Estonia,EST,2011,3.29
Estonia,EST,2012,10.91
Estonia,EST,2013,11.06
Estonia,EST,2014,11.32
Estonia,EST,2015,10.98
Estonia,EST,2016,10.93
Estonia,EST,2017,10
Estonia,EST,2018,9.32
Estonia,EST,2019,9.78
Estonia,EST,2020,18.39
Estonia,EST,2021,17.69
Finland,FIN,1995,0
Finland,FIN,1996,0
Finland,FIN,1997,0
Finland,FIN,1998,0
Finland,FIN,1999,0
Finland,FIN,2000,50.33
Finland,FIN,2001,45.78
Finland,FIN,2002,42.79
Finland,FIN,2003,44.49
Finland,FIN,2004,42.77
Finland,FIN,2005,39.18
Finland,FIN,2006,36.52
Finland,FIN,2007,32.45
Finland,FIN,2008,30.97
Finland,FIN,2009,39
Finland,FIN,2010,44.48
Finland,FIN,2011,46.71
Finland,FIN,2012,50.22
Finland,FIN,2013,52.18
Finland,FIN,2014,54.73
Finland,FIN,2015,57.04
Finland,FIN,2016,56.7
Finland,FIN,2017,55.11
Finland,FIN,2018,53.05
Finland,FIN,2019,52.48
Finland,FIN,2020,60.54
Finland,FIN,2021,58.95
France,FRA,1995,0
France,FRA,1996,0
France,FRA,1997,0
France,FRA,1998,0
France,FRA,1999,0
France,FRA,2000,50.79
France,FRA,2001,50.75
France,FRA,2002,53.29
France,FRA,2003,55.98
France,FRA,2004,55.9
France,FRA,2005,56.53
France,FRA,2006,53.73
France,FRA,2007,53.56
France,FRA,2008,57.36
France,FRA,2009,69.44
France,FRA,2010,70.72
France,FRA,2011,72.47
France,FRA,2012,75.35
France,FRA,2013,77.81
France,FRA,2014,78.85
France,FRA,2015,79.59
France,FRA,2016,81.94
France,FRA,2017,82.76
France,FRA,2018,83.67
France,FRA,2019,84.18
France,FRA,2020,97.77
France,FRA,2021,96.69
Germany,DEU,1995,0
Germany,DEU,1996,0
Germany,DEU,1997,0
Germany,DEU,1998,38.26
Germany,DEU,1999,39.06
Germany,DEU,2000,38.23
Germany,DEU,2001,36.42
Germany,DEU,2002,37.01
Germany,DEU,2003,38.88
Germany,DEU,2004,39.75
Germany,DEU,2005,41.3
Germany,DEU,2006,41.18
Germany,DEU,2007,39.52
Germany,DEU,2008,40.05
Germany,DEU,2009,44.41
Germany,DEU,2010,52.14
Germany,DEU,2011,50
Germany,DEU,2012,50.65
Germany,DEU,2013,49.54
Germany,DEU,2014,47.77
Germany,DEU,2015,45.34
Germany,DEU,2016,43.56
Germany,DEU,2017,41.32
Germany,DEU,2018,39.31
Germany,DEU,2019,37.42
Germany,DEU,2020,44.43
Germany,DEU,2021,46.29
Greece,GRC,1995,0
Greece,GRC,1996,0
Greece,GRC,1997,0.1
Greece,GRC,1998,0.1
Greece,GRC,1999,0.11
Greece,GRC,2000,112.09
Greece,GRC,2001,113.92
Greece,GRC,2002,112.87
Greece,GRC,2003,110.21
Greece,GRC,2004,112.69
Greece,GRC,2005,117.68
Greece,GRC,2006,113.69
Greece,GRC,2007,112.89
Greece,GRC,2008,119.29
Greece,GRC,2009,136.93
Greece,GRC,2010,158.66
Greece,GRC,2011,186.85
Greece,GRC,2012,166.39
Greece,GRC,2013,182.97
Greece,GRC,2014,186.7
Greece,GRC,2015,183.93
Greece,GRC,2016,187.95
Greece,GRC,2017,186.12
Greece,GRC,2018,196.13
Greece,GRC,2019,190.19
Greece,GRC,2020,218.34
Greece,GRC,2021,207.77
Hungary,HUN,1995,83.53
Hungary,HUN,1996,71.51
Hungary,HUN,1997,62.66
Hungary,HUN,1998,60.22
Hungary,HUN,1999,60.26
Hungary,HUN,2000,55.28
Hungary,HUN,2001,51.62
Hungary,HUN,2002,54.25
Hungary,HUN,2003,56.53
Hungary,HUN,2004,57.19
Hungary,HUN,2005,58.67
Hungary,HUN,2006,62.18
Hungary,HUN,2007,62.64
Hungary,HUN,2008,68.15
Hungary,HUN,2009,73.7
Hungary,HUN,2010,75.05
Hungary,HUN,2011,75.7
Hungary,HUN,2012,73.81
Hungary,HUN,2013,74.58
Hungary,HUN,2014,75.05
Hungary,HUN,2015,73.77
Hungary,HUN,2016,73.34
Hungary,HUN,2017,71.36
Hungary,HUN,2018,69.21
Hungary,HUN,2019,65.21
Hungary,HUN,2020,78.48
Hungary,HUN,2021,75.37
Iceland,ISL,1995,0
Iceland,ISL,1996,0
Iceland,ISL,1997,0
Iceland,ISL,1998,0
Iceland,ISL,1999,0
Iceland,ISL,2000,0
Iceland,ISL,2001,0
Iceland,ISL,2002,0
Iceland,ISL,2003,0
Iceland,ISL,2004,0
Iceland,ISL,2005,0
Iceland,ISL,2006,0
Iceland,ISL,2007,0
Iceland,ISL,2008,0
Iceland,ISL,2009,121.79
Iceland,ISL,2010,123.08
Iceland,ISL,2011,131.1
Iceland,ISL,2012,127.53
Iceland,ISL,2013,116.13
Iceland,ISL,2014,109.79
Iceland,ISL,2015,91.62
Iceland,ISL,2016,75.01
Iceland,ISL,2017,62.05
Iceland,ISL,2018,54.76
Iceland,ISL,2019,60.79
Iceland,ISL,2020,68.86
Iceland,ISL,2021,73.14
Indonesia,IDN,1995,0
Indonesia,IDN,1996,0
Indonesia,IDN,1997,0
Indonesia,IDN,1998,0
Indonesia,IDN,1999,0
Indonesia,IDN,2000,0
Indonesia,IDN,2001,0
Indonesia,IDN,2002,0
Indonesia,IDN,2003,0
Indonesia,IDN,2004,0
Indonesia,IDN,2005,0
Indonesia,IDN,2006,0
Indonesia,IDN,2007,0
Indonesia,IDN,2008,0
Indonesia,IDN,2009,0
Indonesia,IDN,2010,23.42
Indonesia,IDN,2011,22.12
Indonesia,IDN,2012,22.46
Indonesia,IDN,2013,23.67
Indonesia,IDN,2014,23.92
Indonesia,IDN,2015,26.29
Indonesia,IDN,2016,26.99
Indonesia,IDN,2017,28.07
Indonesia,IDN,2018,29.28
Indonesia,IDN,2019,29.71
Indonesia,IDN,2020,38.57
Indonesia,IDN,2021,38.33
Ireland,IRL,1995,77.49
Ireland,IRL,1996,69.58
Ireland,IRL,1997,61.26
Ireland,IRL,1998,51.11
Ireland,IRL,1999,46.21
Ireland,IRL,2000,36.08
Ireland,IRL,2001,33.2
Ireland,IRL,2002,30.5
Ireland,IRL,2003,29.46
Ireland,IRL,2004,27.66
Ireland,IRL,2005,25.84
Ireland,IRL,2006,23.42
Ireland,IRL,2007,23.75
Ireland,IRL,2008,42.3
Ireland,IRL,2009,61.29
Ireland,IRL,2010,85.68
Ireland,IRL,2011,110.24
Ireland,IRL,2012,119.33
Ireland,IRL,2013,119.79
Ireland,IRL,2014,104.27
Ireland,IRL,2015,76.8
Ireland,IRL,2016,74.47
Ireland,IRL,2017,68.09
Ireland,IRL,2018,64.02
Ireland,IRL,2019,58.29
Ireland,IRL,2020,58.83
Ireland,IRL,2021,55.88
Italy,ITA,1995,117.7
Italy,ITA,1996,117.62
Italy,ITA,1997,115.05
Italy,ITA,1998,112.27
Italy,ITA,1999,110.66
Italy,ITA,2000,105.95
Italy,ITA,2001,105.6
Italy,ITA,2002,103.15
Italy,ITA,2003,101.22
Italy,ITA,2004,100.65
Italy,ITA,2005,101.53
Italy,ITA,2006,100.77
Italy,ITA,2007,97.82
Italy,ITA,2008,100.42
Italy,ITA,2009,109.8
Italy,ITA,2010,112.48
Italy,ITA,2011,113.19
Italy,ITA,2012,120.03
Italy,ITA,2013,126.34
Italy,ITA,2014,129.81
Italy,ITA,2015,130.03
Italy,ITA,2016,129.9
Italy,ITA,2017,129.56
Italy,ITA,2018,130.08
Italy,ITA,2019,129.94
Italy,ITA,2020,150.52
Italy,ITA,2021,146
Latvia,LVA,1995,0
Latvia,LVA,1996,0
Latvia,LVA,1997,0
Latvia,LVA,1998,0
Latvia,LVA,1999,0
Latvia,LVA,2000,11.89
Latvia,LVA,2001,13.69
Latvia,LVA,2002,12.93
Latvia,LVA,2003,13.08
Latvia,LVA,2004,13.91
Latvia,LVA,2005,11.97
Latvia,LVA,2006,11.25
Latvia,LVA,2007,11.55
Latvia,LVA,2008,22.25
Latvia,LVA,2009,40.3
Latvia,LVA,2010,48.93
Latvia,LVA,2011,45.54
Latvia,LVA,2012,41.77
Latvia,LVA,2013,39.13
Latvia,LVA,2014,42.16
Latvia,LVA,2015,38.45
Latvia,LVA,2016,42.25
Latvia,LVA,2017,40.11
Latvia,LVA,2018,39.01
Latvia,LVA,2019,39.91
Latvia,LVA,2020,45.64
Latvia,LVA,2021,49.12
Lithuania,LTU,1995,0
Lithuania,LTU,1996,0
Lithuania,LTU,1997,0
Lithuania,LTU,1998,0
Lithuania,LTU,1999,0
Lithuania,LTU,2000,22.2
Lithuania,LTU,2001,21.78
Lithuania,LTU,2002,21.21
Lithuania,LTU,2003,19.29
Lithuania,LTU,2004,17.77
Lithuania,LTU,2005,16.85
Lithuania,LTU,2006,16.42
Lithuania,LTU,2007,14.99
Lithuania,LTU,2008,13.41
Lithuania,LTU,2009,26.44
Lithuania,LTU,2010,33.63
Lithuania,LTU,2011,33.98
Lithuania,LTU,2012,36.7
Lithuania,LTU,2013,35.79
Lithuania,LTU,2014,37.62
Lithuania,LTU,2015,39.73
Lithuania,LTU,2016,37.42
Lithuania,LTU,2017,37.87
Lithuania,LTU,2018,32.62
Lithuania,LTU,2019,34.92
Lithuania,LTU,2020,45.39
Lithuania,LTU,2021,42.77
Luxembourg,LUX,1995,0
Luxembourg,LUX,1996,0
Luxembourg,LUX,1997,0
Luxembourg,LUX,1998,0
Luxembourg,LUX,1999,0
Luxembourg,LUX,2000,6.5
Luxembourg,LUX,2001,6.56
Luxembourg,LUX,2002,6.29
Luxembourg,LUX,2003,5.21
Luxembourg,LUX,2004,5.92
Luxembourg,LUX,2005,5.6
Luxembourg,LUX,2006,6.04
Luxembourg,LUX,2007,6.12
Luxembourg,LUX,2008,12.79
Luxembourg,LUX,2009,13.42
Luxembourg,LUX,2010,17.16
Luxembourg,LUX,2011,16.64
Luxembourg,LUX,2012,19.03
Luxembourg,LUX,2013,20.67
Luxembourg,LUX,2014,20.1
Luxembourg,LUX,2015,19.28
Luxembourg,LUX,2016,17.92
Luxembourg,LUX,2017,20.31
Luxembourg,LUX,2018,19.49
Luxembourg,LUX,2019,21.1
Luxembourg,LUX,2020,23.51
Luxembourg,LUX,2021,23.46
Malta,MLT,2000,60.64
Malta,MLT,2001,64.86
Malta,MLT,2002,63.12
Malta,MLT,2003,68.6
Malta,MLT,2004,71.25
Malta,MLT,2005,69.87
Malta,MLT,2006,64.23
Malta,MLT,2007,61.86
Malta,MLT,2008,61.78
Malta,MLT,2009,66.29
Malta,MLT,2010,65.42
Malta,MLT,2011,69.96
Malta,MLT,2012,66.58
Malta,MLT,2013,66.39
Malta,MLT,2014,62.04
Malta,MLT,2015,56.21
Malta,MLT,2016,54.7
Malta,MLT,2017,47.77
Malta,MLT,2018,43.69
Malta,MLT,2019,40.32
Malta,MLT,2020,52.97
Malta,MLT,2021,55.17
Mauritius,MUS,1999,0
Mauritius,MUS,2000,0
Mauritius,MUS,2001,0
Mauritius,MUS,2002,0
Mauritius,MUS,2003,0
Mauritius,MUS,2004,0
Mauritius,MUS,2005,0
Mauritius,MUS,2006,0
Mauritius,MUS,2007,0
Mauritius,MUS,2008,97.01
Mauritius,MUS,2009,49.01
Mauritius,MUS,2010,49.03
Mauritius,MUS,2011,51.02
Mauritius,MUS,2012,50.34
Mauritius,MUS,2013,52.2
Mauritius,MUS,2014,54.09
Mauritius,MUS,2015,55.96
Mauritius,MUS,2016,57.41
Mauritius,MUS,2017,55.1
Mauritius,MUS,2018,55.15
Mauritius,MUS,2019,57.12
Mauritius,MUS,2020,73.05
Mauritius,MUS,2021,79.42
Mexico,MEX,1995,0
Mexico,MEX,1996,0
Mexico,MEX,1997,0
Mexico,MEX,1998,0
Mexico,MEX,1999,0
Mexico,MEX,2000,0
Mexico,MEX,2001,0
Mexico,MEX,2002,0
Mexico,MEX,2003,0
Mexico,MEX,2004,0
Mexico,MEX,2005,0
Mexico,MEX,2006,0
Mexico,MEX,2007,0
Mexico,MEX,2008,20.22
Mexico,MEX,2009,23.62
Mexico,MEX,2010,22.99
Mexico,MEX,2011,23.95
Mexico,MEX,2012,24.66
Mexico,MEX,2013,27.13
Mexico,MEX,2014,28.97
Mexico,MEX,2015,30.88
Mexico,MEX,2016,30.93
Mexico,MEX,2017,30.08
Mexico,MEX,2018,30.57
Mexico,MEX,2019,31.69
Mexico,MEX,2020,36.89
Mexico,MEX,2021,37.29
Netherlands,NLD,1995,57.92
Netherlands,NLD,1996,56.61
Netherlands,NLD,1997,52.85
Netherlands,NLD,1998,51.28
Netherlands,NLD,1999,49.36
Netherlands,NLD,2000,44.97
Netherlands,NLD,2001,43.1
Netherlands,NLD,2002,42.87
Netherlands,NLD,2003,44.23
Netherlands,NLD,2004,44.62
Netherlands,NLD,2005,44.03
Netherlands,NLD,2006,39.68
Netherlands,NLD,2007,38.24
Netherlands,NLD,2008,49.93
Netherlands,NLD,2009,51.45
Netherlands,NLD,2010,53.28
Netherlands,NLD,2011,54.96
Netherlands,NLD,2012,59.75
Netherlands,NLD,2013,61.89
Netherlands,NLD,2014,62.38
Netherlands,NLD,2015,60.19
Netherlands,NLD,2016,58.14
Netherlands,NLD,2017,53.54
Netherlands,NLD,2018,49.54
Netherlands,NLD,2019,46.35
Netherlands,NLD,2020,53.18
Netherlands,NLD,2021,52.42
Norway,NOR,1995,0
Norway,NOR,1996,0
Norway,NOR,1997,0
Norway,NOR,1998,0
Norway,NOR,1999,0
Norway,NOR,2000,20.69
Norway,NOR,2001,18.92
Norway,NOR,2002,25.4
Norway,NOR,2003,32.56
Norway,NOR,2004,33.75
Norway,NOR,2005,32.77
Norway,NOR,2006,43.69
Norway,NOR,2007,40.47
Norway,NOR,2008,38.14
Norway,NOR,2009,31.3
Norway,NOR,2010,31.07
Norway,NOR,2011,17.15
Norway,NOR,2012,18
Norway,NOR,2013,18.09
Norway,NOR,2014,15.12
Norway,NOR,2015,18.66
Norway,NOR,2016,21.52
Norway,NOR,2017,22.18
Norway,NOR,2018,23.58
Norway,NOR,2019,23.67
Norway,NOR,2020,26.9
Norway,NOR,2021,26.65
Peru,PER,2007,0
Peru,PER,2008,0
Peru,PER,2009,0
Peru,PER,2010,22.6
Peru,PER,2011,19.77
Peru,PER,2012,18.33
Peru,PER,2013,17.56
Peru,PER,2014,18.38
Peru,PER,2015,21.44
Peru,PER,2016,22.46
Peru,PER,2017,22.55
Peru,PER,2018,23
Peru,PER,2019,24.05
Peru,PER,2020,31.76
Peru,PER,2021,33.11
Poland,POL,1995,0
Poland,POL,1996,0
Poland,POL,1997,0
Poland,POL,1998,0
Poland,POL,1999,0
Poland,POL,2000,35.06
Poland,POL,2001,35.95
Poland,POL,2002,39.87
Poland,POL,2003,44.09
Poland,POL,2004,42.61
Poland,POL,2005,44.15
Poland,POL,2006,45.01
Poland,POL,2007,42.74
Poland,POL,2008,44.92
Poland,POL,2009,47.19
Poland,POL,2010,50.81
Poland,POL,2011,52.1
Poland,POL,2012,51.91
Poland,POL,2013,54.29
Poland,POL,2014,49.14
Poland,POL,2015,49.24
Poland,POL,2016,52.79
Poland,POL,2017,49.39
Poland,POL,2018,47.42
Poland,POL,2019,45.17
Poland,POL,2020,56.94
Poland,POL,2021,53.7
Portugal,PRT,1995,0
Portugal,PRT,1996,0
Portugal,PRT,1997,0
Portugal,PRT,1998,0
Portugal,PRT,1999,0
Portugal,PRT,2000,53.56
Portugal,PRT,2001,56.1
Portugal,PRT,2002,58.5
Portugal,PRT,2003,62.1
Portugal,PRT,2004,65.12
Portugal,PRT,2005,69.67
Portugal,PRT,2006,71.12
Portugal,PRT,2007,70.22
Portugal,PRT,2008,73.3
Portugal,PRT,2009,84.94
Portugal,PRT,2010,97.41
Portugal,PRT,2011,111.98
Portugal,PRT,2012,128.1
Portugal,PRT,2013,131.01
Portugal,PRT,2014,133.51
Portugal,PRT,2015,132.03
Portugal,PRT,2016,132.94
Portugal,PRT,2017,128.76
Portugal,PRT,2018,124.64
Portugal,PRT,2019,119.51
Portugal,PRT,2020,138.76
Portugal,PRT,2021,129.97
Romania,ROU,1995,0
Romania,ROU,1996,0
Romania,ROU,1997,0
Romania,ROU,1998,0
Romania,ROU,1999,0
Romania,ROU,2000,20.41
Romania,ROU,2001,24.82
Romania,ROU,2002,24.65
Romania,ROU,2003,21.72
Romania,ROU,2004,18.41
Romania,ROU,2005,15.16
Romania,ROU,2006,12.71
Romania,ROU,2007,12.09
Romania,ROU,2008,12.19
Romania,ROU,2009,20.68
Romania,ROU,2010,27.39
Romania,ROU,2011,31.2
Romania,ROU,2012,33.54
Romania,ROU,2013,35.68
Romania,ROU,2014,37.77
Romania,ROU,2015,36.65
Romania,ROU,2016,37.21
Romania,ROU,2017,34.9
Romania,ROU,2018,34.17
Romania,ROU,2019,34.45
Romania,ROU,2020,44.23
Romania,ROU,2021,47.57
Russia,RUS,2003,0
Russia,RUS,2004,0
Russia,RUS,2005,0
Russia,RUS,2006,0
Russia,RUS,2007,0
Russia,RUS,2008,0
Russia,RUS,2009,0
Russia,RUS,2010,0
Russia,RUS,2011,0
Russia,RUS,2012,7.72
Russia,RUS,2013,8.78
Russia,RUS,2014,10.69
Russia,RUS,2015,11.02
Russia,RUS,2016,10.79
Russia,RUS,2017,11.27
Russia,RUS,2018,10.77
Russia,RUS,2019,11.69
Russia,RUS,2020,16.75
Saint Lucia,LCA,2006,0
Saint Lucia,LCA,2007,0
Saint Lucia,LCA,2008,0
Saint Lucia,LCA,2009,0
Saint Lucia,LCA,2010,0
Saint Lucia,LCA,2011,0
Saint Lucia,LCA,2012,0
Saint Lucia,LCA,2013,55.53
Saint Lucia,LCA,2014,55.99
Saint Lucia,LCA,2015,57.34
Saint Lucia,LCA,2016,57.62
Saint Lucia,LCA,2017,55.34
Saint Lucia,LCA,2018,55.74
Saint Lucia,LCA,2019,57.37
Saint Lucia,LCA,2020,81.58
Seychelles,SYC,2014,67.2
Seychelles,SYC,2015,62.03
Seychelles,SYC,2016,62.96
Seychelles,SYC,2017,57.08
Seychelles,SYC,2018,52.95
Seychelles,SYC,2019,51.94
Seychelles,SYC,2020,0
Seychelles,SYC,2021,0
Slovakia,SVK,1995,0
Slovakia,SVK,1996,0
Slovakia,SVK,1997,0
Slovakia,SVK,1998,0
Slovakia,SVK,1999,0
Slovakia,SVK,2000,0
Slovakia,SVK,2001,0
Slovakia,SVK,2002,0
Slovakia,SVK,2003,0
Slovakia,SVK,2004,0
Slovakia,SVK,2005,0
Slovakia,SVK,2006,31.61
Slovakia,SVK,2007,30.46
Slovakia,SVK,2008,28.83
Slovakia,SVK,2009,36.2
Slovakia,SVK,2010,40.06
Slovakia,SVK,2011,42.71
Slovakia,SVK,2012,51.79
Slovakia,SVK,2013,54.91
Slovakia,SVK,2014,54.11
Slovakia,SVK,2015,53.55
Slovakia,SVK,2016,54.12
Slovakia,SVK,2017,53.24
Slovakia,SVK,2018,51.05
Slovakia,SVK,2019,49.61
Slovakia,SVK,2020,61.28
Slovakia,SVK,2021,62.95
Slovenia,SVN,1995,0
Slovenia,SVN,1996,0
Slovenia,SVN,1997,0
Slovenia,SVN,1998,0
Slovenia,SVN,1999,0
Slovenia,SVN,2000,0
Slovenia,SVN,2001,0
Slovenia,SVN,2002,0
Slovenia,SVN,2003,0
Slovenia,SVN,2004,0
Slovenia,SVN,2005,0
Slovenia,SVN,2006,0
Slovenia,SVN,2007,0
Slovenia,SVN,2008,0
Slovenia,SVN,2009,0
Slovenia,SVN,2010,37.3
Slovenia,SVN,2011,45.33
Slovenia,SVN,2012,52.53
Slovenia,SVN,2013,69.41
Slovenia,SVN,2014,79.99
Slovenia,SVN,2015,82.37
Slovenia,SVN,2016,78.22
Slovenia,SVN,2017,73.94
Slovenia,SVN,2018,70.06
Slovenia,SVN,2019,65.04
Slovenia,SVN,2020,79.04
Slovenia,SVN,2021,73.62
South Africa,ZAF,1995,0
South Africa,ZAF,1996,0
South Africa,ZAF,1997,0
South Africa,ZAF,1998,0
South Africa,ZAF,1999,0
South Africa,ZAF,2000,0
South Africa,ZAF,2001,0
South Africa,ZAF,2002,0
South Africa,ZAF,2003,0
South Africa,ZAF,2004,0
South Africa,ZAF,2005,0
South Africa,ZAF,2006,0
South Africa,ZAF,2007,0
South Africa,ZAF,2008,0
South Africa,ZAF,2009,0
South Africa,ZAF,2010,30.31
South Africa,ZAF,2011,34.28
South Africa,ZAF,2012,37.36
South Africa,ZAF,2013,39.6
South Africa,ZAF,2014,42.34
South Africa,ZAF,2015,44.18
South Africa,ZAF,2016,46.36
South Africa,ZAF,2017,47.26
South Africa,ZAF,2018,50.09
South Africa,ZAF,2019,54.58
South Africa,ZAF,2020,64.52
South Africa,ZAF,2021,68.52
South Korea,KOR,1995,0
South Korea,KOR,1996,0
South Korea,KOR,1997,0
South Korea,KOR,1998,0
South Korea,KOR,1999,0
South Korea,KOR,2000,0
South Korea,KOR,2001,0
South Korea,KOR,2002,0
South Korea,KOR,2003,0
South Korea,KOR,2004,0
South Korea,KOR,2005,0
South Korea,KOR,2006,0
South Korea,KOR,2007,0
South Korea,KOR,2008,0
South Korea,KOR,2009,0
South Korea,KOR,2010,0
South Korea,KOR,2011,27.32
South Korea,KOR,2012,29.32
South Korea,KOR,2013,31.99
South Korea,KOR,2014,33.51
South Korea,KOR,2015,34.63
South Korea,KOR,2016,35.12
South Korea,KOR,2017,34.56
South Korea,KOR,2018,34.7
South Korea,KOR,2019,37.02
South Korea,KOR,2020,43.09
South Korea,KOR,2021,45.78
Spain,ESP,1995,51.36
Spain,ESP,1996,54.75
Spain,ESP,1997,53.72
Spain,ESP,1998,52.09
Spain,ESP,1999,50.92
Spain,ESP,2000,48.59
Spain,ESP,2001,45.01
Spain,ESP,2002,42.9
Spain,ESP,2003,39.95
Spain,ESP,2004,38.62
Spain,ESP,2005,35.78
Spain,ESP,2006,32.51
Spain,ESP,2007,29.65
Spain,ESP,2008,33.24
Spain,ESP,2009,45.61
Spain,ESP,2010,51.38
Spain,ESP,2011,58.64
Spain,ESP,2012,77.5
Spain,ESP,2013,87.96
Spain,ESP,2014,91.7
Spain,ESP,2015,91.17
Spain,ESP,2016,90.53
Spain,ESP,2017,90.3
Spain,ESP,2018,89.94
Spain,ESP,2019,87.98
Spain,ESP,2020,107.93
Spain,ESP,2021,106.06
Sri Lanka,LKA,2010,69.61
Sri Lanka,LKA,2011,69.33
Sri Lanka,LKA,2012,66.36
Sri Lanka,LKA,2013,68.36
Sri Lanka,LKA,2014,68.7
Sri Lanka,LKA,2015,71.08
Sri Lanka,LKA,2016,71.54
Sri Lanka,LKA,2017,69.26
Sri Lanka,LKA,2018,75.47
Sri Lanka,LKA,2019,78.46
Sri Lanka,LKA,2020,91.79
Sri Lanka,LKA,2021,94.28
Sweden,SWE,1995,75.41
Sweden,SWE,1996,76.19
Sweden,SWE,1997,72.72
Sweden,SWE,1998,71.49
Sweden,SWE,1999,65.71
Sweden,SWE,2000,56.44
Sweden,SWE,2001,49.8
Sweden,SWE,2002,46.08
Sweden,SWE,2003,45.48
Sweden,SWE,2004,44.59
Sweden,SWE,2005,44.48
Sweden,SWE,2006,39.76
Sweden,SWE,2007,34.29
Sweden,SWE,2008,32.13
Sweden,SWE,2009,35.52
Sweden,SWE,2010,32.52
Sweden,SWE,2011,30.53
Sweden,SWE,2012,30.11
Sweden,SWE,2013,32.62
Sweden,SWE,2014,35.63
Sweden,SWE,2015,33.72
Sweden,SWE,2016,32.12
Sweden,SWE,2017,30.51
Sweden,SWE,2018,28.07
Sweden,SWE,2019,23.66
Sweden,SWE,2020,27.22
Sweden,SWE,2021,24.57
Switzerland,CHE,1995,19.39
Switzerland,CHE,1996,20.64
Switzerland,CHE,1997,22.26
Switzerland,CHE,1998,24.3
Switzerland,CHE,1999,22.46
Switzerland,CHE,2000,22.16
Switzerland,CHE,2001,21.7
Switzerland,CHE,2002,24.95
Switzerland,CHE,2003,24.95
Switzerland,CHE,2004,24.78
Switzerland,CHE,2005,24.58
Switzerland,CHE,2006,21.76
Switzerland,CHE,2007,19.51
Switzerland,CHE,2008,18.7
Switzerland,CHE,2009,17.56
Switzerland,CHE,2010,16.66
Switzerland,CHE,2011,16.39
Switzerland,CHE,2012,16.38
Switzerland,CHE,2013,16.02
Switzerland,CHE,2014,15.4
Switzerland,CHE,2015,14.7
Switzerland,CHE,2016,13.7
Switzerland,CHE,2017,14.18
Switzerland,CHE,2018,12.82
Switzerland,CHE,2019,12.28
Switzerland,CHE,2020,13.88
Switzerland,CHE,2021,13.73
Turkey,TUR,1998,0
Turkey,TUR,1999,0
Turkey,TUR,2000,0
Turkey,TUR,2001,0
Turkey,TUR,2002,0
Turkey,TUR,2003,0
Turkey,TUR,2004,0
Turkey,TUR,2005,51.53
Turkey,TUR,2006,45.8
Turkey,TUR,2007,40.04
Turkey,TUR,2008,40.3
Turkey,TUR,2009,46.22
Turkey,TUR,2010,42.55
Turkey,TUR,2011,38.87
Turkey,TUR,2012,35.59
Turkey,TUR,2013,33.96
Turkey,TUR,2014,31.64
Turkey,TUR,2015,30.61
Turkey,TUR,2016,31.15
Turkey,TUR,2017,30.7
Turkey,TUR,2018,32.16
Turkey,TUR,2019,34.2
Turkey,TUR,2020,40.47
Turkey,TUR,2021,42.43
United Kingdom,GBR,1995,43.25
United Kingdom,GBR,1996,43.54
United Kingdom,GBR,1997,43.47
United Kingdom,GBR,1998,41.35
United Kingdom,GBR,1999,40.22
United Kingdom,GBR,2000,37.8
United Kingdom,GBR,2001,35.29
United Kingdom,GBR,2002,35.9
United Kingdom,GBR,2003,37.19
United Kingdom,GBR,2004,40.31
United Kingdom,GBR,2005,41.74
United Kingdom,GBR,2006,42.87
United Kingdom,GBR,2007,44.01
United Kingdom,GBR,2008,52.05
United Kingdom,GBR,2009,67.1
United Kingdom,GBR,2010,78.18
United Kingdom,GBR,2011,84.13
United Kingdom,GBR,2012,87.95
United Kingdom,GBR,2013,88.57
United Kingdom,GBR,2014,90.29
United Kingdom,GBR,2015,91.37
United Kingdom,GBR,2016,91.84
United Kingdom,GBR,2017,90.99
United Kingdom,GBR,2018,90.35
United Kingdom,GBR,2019,89.8
United Kingdom,GBR,2020,111.5
United Kingdom,GBR,2021,112.48
United States,USA,1995,54.68
United States,USA,1996,54.12
United States,USA,1997,51.67
United States,USA,1998,48.79
United States,USA,1999,45.61
United States,USA,2000,40.18
United States,USA,2001,39.46
United States,USA,2002,40.8
United States,USA,2003,42.61
United States,USA,2004,43.26
United States,USA,2005,43.1
United States,USA,2006,42.27
United States,USA,2007,42.21
United States,USA,2008,50.18
United States,USA,2009,61.92
United States,USA,2010,70.5
United States,USA,2011,75.31
United States,USA,2012,79.54
United States,USA,2013,81.84
United States,USA,2014,82.72
United States,USA,2015,83.7
United States,USA,2016,86.01
United States,USA,2017,85.64
United States,USA,2018,87.36
United States,USA,2019,89.39
United States,USA,2020,112.44
United States,USA,2021,109.32